interval_from,interval_to,LST,land_type,land_class,elev_class
2023-03-01,2023-03-02,306.5,101.0,10.0,1.0
2023-03-01,2023-03-02,306.0,101.0,10.0,1.0
2023-03-01,2023-03-02,306.45001220703125,101.0,10.0,1.0
2023-03-01,2023-03-02,304.1199951171875,101.0,10.0,1.0
2023-03-01,2023-03-02,305.79998779296875,101.0,10.0,1.0
2023-03-01,2023-03-02,307.6199951171875,101.0,10.0,1.0
2023-03-01,2023-03-02,314.3699951171875,101.0,10.0,1.0
2023-03-01,2023-03-02,305.3900146484375,101.0,10.0,1.0
2023-03-01,2023-03-02,306.2300109863281,101.0,10.0,1.0
2023-03-01,2023-03-02,305.6000061035156,101.0,10.0,1.0
2023-03-01,2023-03-02,304.7799987792969,101.0,10.0,1.0
2023-03-01,2023-03-02,310.29998779296875,101.0,10.0,1.0
2023-03-01,2023-03-02,304.0899963378906,101.0,10.0,1.0
2023-03-01,2023-03-02,303.4800109863281,101.0,10.0,1.0
2023-03-01,2023-03-02,304.3299865722656,101.0,10.0,1.0
2023-03-01,2023-03-02,304.6199951171875,101.0,10.0,1.0
2023-03-01,2023-03-02,304.97413444519196,101.0,10.0,1.0
2023-03-01,2023-03-02,306.739990234375,101.0,10.0,1.0
2023-03-01,2023-03-02,305.4800109863281,101.0,10.0,1.0
2023-03-01,2023-03-02,304.9100036621094,101.0,10.0,1.0
2023-03-01,2023-03-02,303.760009765625,101.0,10.0,1.0
2023-03-01,2023-03-02,309.5299987792969,101.0,10.0,1.0
2023-03-01,2023-03-02,305.989990234375,101.0,10.0,1.0
2023-03-01,2023-03-02,304.5199890136719,101.0,10.0,1.0
2023-03-01,2023-03-02,310.3999938964844,101.0,10.0,1.0
2023-03-01,2023-03-02,305.3500061035156,101.0,10.0,1.0
2023-03-01,2023-03-02,304.3399963378906,101.0,10.0,1.0
2023-03-01,2023-03-02,305.67999267578125,101.0,10.0,1.0
2023-03-01,2023-03-02,308.04998779296875,101.0,10.0,1.0
2023-03-01,2023-03-02,303.1600036621094,101.0,10.0,1.0
2023-03-01,2023-03-02,306.8299865722656,101.0,10.0,1.0
2023-03-01,2023-03-02,306.6400146484375,101.0,10.0,1.0
2023-03-01,2023-03-02,306.8699951171875,101.0,10.0,1.0
2023-03-01,2023-03-02,303.4100036621094,101.0,10.0,1.0
2023-03-01,2023-03-02,306.1000061035156,101.0,10.0,1.0
2023-03-01,2023-03-02,308.0899963378906,101.0,10.0,1.0
2023-03-01,2023-03-02,303.6400146484375,101.0,10.0,1.0
2023-03-01,2023-03-02,307.0299987792969,101.0,10.0,1.0
2023-03-01,2023-03-02,305.6199951171875,101.0,10.0,1.0
2023-03-01,2023-03-02,306.6300048828125,101.0,10.0,1.0
2023-03-01,2023-03-02,308.5299987792969,101.0,10.0,1.0
2023-03-01,2023-03-02,307.3399963378906,101.0,10.0,1.0
2023-03-01,2023-03-02,305.5799865722656,101.0,10.0,1.0
2023-03-01,2023-03-02,307.5199890136719,101.0,10.0,1.0
2023-03-01,2023-03-02,305.20001220703125,101.0,10.0,1.0
2023-03-01,2023-03-02,305.95001220703125,101.0,10.0,1.0
2023-03-01,2023-03-02,305.69000244140625,101.0,10.0,1.0
2023-03-01,2023-03-02,301.8299865722656,101.0,10.0,1.0
2023-03-01,2023-03-02,306.57000732421875,101.0,10.0,1.0
2023-03-01,2023-03-02,305.2200012207031,101.0,10.0,1.0
2023-03-01,2023-03-02,305.70001220703125,101.0,10.0,1.0
2023-03-01,2023-03-02,307.1199951171875,101.0,10.0,1.0
2023-03-01,2023-03-02,304.9700012207031,101.0,10.0,1.0
2023-03-01,2023-03-02,306.8131368160261,101.0,10.0,1.0
2023-03-01,2023-03-02,312.760009765625,101.0,10.0,1.0
2023-03-01,2023-03-02,310.0799865722656,101.0,10.0,1.0
2023-03-01,2023-03-02,304.7900085449219,101.0,10.0,1.0
2023-03-01,2023-03-02,305.8900146484375,101.0,10.0,1.0
2023-03-01,2023-03-02,306.82000732421875,101.0,10.0,1.0
2023-03-01,2023-03-02,305.8500061035156,101.0,10.0,1.0
2023-03-01,2023-03-02,305.6700134277344,101.0,10.0,1.0
2023-03-01,2023-03-02,310.9800109863281,101.0,10.0,1.0
2023-03-01,2023-03-02,305.8800048828125,101.0,10.0,1.0
2023-03-01,2023-03-02,303.260009765625,101.0,10.0,1.0
2023-03-01,2023-03-02,309.9800109863281,101.0,10.0,1.0
2023-03-01,2023-03-02,310.70001220703125,101.0,10.0,1.0
2023-03-01,2023-03-02,310.6400146484375,101.0,10.0,1.0
2023-03-01,2023-03-02,306.8999938964844,101.0,10.0,1.0
2023-03-01,2023-03-02,306.5199890136719,101.0,10.0,1.0
2023-03-01,2023-03-02,306.8999938964844,101.0,10.0,1.0
2023-03-01,2023-03-02,310.5400085449219,101.0,10.0,1.0
2023-03-01,2023-03-02,305.8800048828125,101.0,10.0,1.0
2023-03-01,2023-03-02,311.3599853515625,101.0,10.0,1.0
2023-03-01,2023-03-02,306.5,101.0,10.0,1.0
2023-03-01,2023-03-02,309.5400085449219,101.0,10.0,1.0
2023-03-01,2023-03-02,309.2099914550781,101.0,10.0,1.0
2023-03-01,2023-03-02,305.2300109863281,101.0,10.0,1.0
2023-03-01,2023-03-02,314.20001220703125,101.0,10.0,1.0
2023-03-01,2023-03-02,307.82000732421875,101.0,10.0,1.0
2023-03-01,2023-03-02,305.2300109863281,101.0,10.0,1.0
2023-03-01,2023-03-02,306.17999267578125,101.0,10.0,1.0
2023-03-01,2023-03-02,305.739990234375,101.0,10.0,1.0
2023-03-01,2023-03-02,304.57000732421875,101.0,10.0,1.0
2023-03-01,2023-03-02,307.8500061035156,101.0,10.0,1.0
2023-03-01,2023-03-02,306.95001220703125,101.0,10.0,1.0
2023-03-01,2023-03-02,306.4700012207031,101.0,10.0,1.0
2023-03-01,2023-03-02,306.7200012207031,101.0,10.0,1.0
2023-03-01,2023-03-02,305.1600036621094,101.0,10.0,1.0
2023-03-01,2023-03-02,305.2699890136719,101.0,10.0,1.0
2023-03-01,2023-03-02,306.6000061035156,101.0,10.0,1.0
2023-03-01,2023-03-02,305.79998779296875,101.0,10.0,1.0
2023-03-01,2023-03-02,304.6700134277344,101.0,10.0,1.0
2023-03-01,2023-03-02,306.239990234375,101.0,10.0,1.0
2023-03-01,2023-03-02,304.1600036621094,101.0,10.0,1.0
2023-03-01,2023-03-02,303.9700012207031,101.0,10.0,1.0
2023-03-01,2023-03-02,304.3800048828125,101.0,10.0,1.0
2023-03-01,2023-03-02,308.8800048828125,101.0,10.0,1.0
2023-03-01,2023-03-02,308.6099853515625,101.0,10.0,1.0
2023-03-01,2023-03-02,309.42999267578125,101.0,10.0,1.0
2023-03-01,2023-03-02,303.9700012207031,101.0,10.0,1.0
2023-03-01,2023-03-02,304.9100036621094,102.0,10.0,2.0
2023-03-01,2023-03-02,306.5799865722656,102.0,10.0,2.0
2023-03-01,2023-03-02,303.5299987792969,102.0,10.0,2.0
2023-03-01,2023-03-02,304.07000732421875,102.0,10.0,2.0
2023-03-01,2023-03-02,302.92999267578125,102.0,10.0,2.0
2023-03-01,2023-03-02,306.19000244140625,102.0,10.0,2.0
2023-03-01,2023-03-02,304.8800048828125,102.0,10.0,2.0
2023-03-01,2023-03-02,307.5899963378906,102.0,10.0,2.0
2023-03-01,2023-03-02,306.07000732421875,102.0,10.0,2.0
2023-03-01,2023-03-02,313.2900085449219,102.0,10.0,2.0
2023-03-01,2023-03-02,304.30999755859375,102.0,10.0,2.0
2023-03-01,2023-03-02,304.6400146484375,102.0,10.0,2.0
2023-03-01,2023-03-02,306.25,102.0,10.0,2.0
2023-03-01,2023-03-02,305.8399963378906,102.0,10.0,2.0
2023-03-01,2023-03-02,303.1600036621094,102.0,10.0,2.0
2023-03-01,2023-03-02,302.989990234375,102.0,10.0,2.0
2023-03-01,2023-03-02,308.0400085449219,102.0,10.0,2.0
2023-03-01,2023-03-02,305.8800048828125,102.0,10.0,2.0
2023-03-01,2023-03-02,305.2699890136719,102.0,10.0,2.0
2023-03-01,2023-03-02,311.8699951171875,102.0,10.0,2.0
2023-03-01,2023-03-02,307.8699951171875,102.0,10.0,2.0
2023-03-01,2023-03-02,303.92999267578125,102.0,10.0,2.0
2023-03-01,2023-03-02,312.0899963378906,102.0,10.0,2.0
2023-03-01,2023-03-02,306.4200134277344,102.0,10.0,2.0
2023-03-01,2023-03-02,307.2537555694592,102.0,10.0,2.0
2023-03-01,2023-03-02,306.6499938964844,102.0,10.0,2.0
2023-03-01,2023-03-02,305.94000244140625,102.0,10.0,2.0
2023-03-01,2023-03-02,304.2799987792969,102.0,10.0,2.0
2023-03-01,2023-03-02,304.32000732421875,102.0,10.0,2.0
2023-03-01,2023-03-02,306.0899963378906,102.0,10.0,2.0
2023-03-01,2023-03-02,306.01114296913374,102.0,10.0,2.0
2023-03-01,2023-03-02,303.3399963378906,102.0,10.0,2.0
2023-03-01,2023-03-02,305.3299865722656,102.0,10.0,2.0
2023-03-01,2023-03-02,305.05999755859375,102.0,10.0,2.0
2023-03-01,2023-03-02,303.6300048828125,102.0,10.0,2.0
2023-03-01,2023-03-02,305.32000732421875,102.0,10.0,2.0
2023-03-01,2023-03-02,302.3599853515625,102.0,10.0,2.0
2023-03-01,2023-03-02,302.86229228973343,102.0,10.0,2.0
2023-03-01,2023-03-02,302.8299865722656,102.0,10.0,2.0
2023-03-01,2023-03-02,305.70001220703125,102.0,10.0,2.0
2023-03-01,2023-03-02,306.6199951171875,102.0,10.0,2.0
2023-03-01,2023-03-02,304.3800048828125,102.0,10.0,2.0
2023-03-01,2023-03-02,304.7300109863281,102.0,10.0,2.0
2023-03-01,2023-03-02,313.489990234375,102.0,10.0,2.0
2023-03-01,2023-03-02,306.44000244140625,102.0,10.0,2.0
2023-03-01,2023-03-02,303.05999755859375,102.0,10.0,2.0
2023-03-01,2023-03-02,305.57000732421875,102.0,10.0,2.0
2023-03-01,2023-03-02,305.5,102.0,10.0,2.0
2023-03-01,2023-03-02,308.7099914550781,102.0,10.0,2.0
2023-03-01,2023-03-02,304.80999755859375,102.0,10.0,2.0
2023-03-01,2023-03-02,303.94000244140625,102.0,10.0,2.0
2023-03-01,2023-03-02,305.0199890136719,102.0,10.0,2.0
2023-03-01,2023-03-02,312.6700134277344,102.0,10.0,2.0
2023-03-01,2023-03-02,308.42999267578125,102.0,10.0,2.0
2023-03-01,2023-03-02,304.05999755859375,102.0,10.0,2.0
2023-03-01,2023-03-02,304.42999267578125,102.0,10.0,2.0
2023-03-01,2023-03-02,304.9599914550781,102.0,10.0,2.0
2023-03-01,2023-03-02,302.6300048828125,102.0,10.0,2.0
2023-03-01,2023-03-02,306.0199890136719,102.0,10.0,2.0
2023-03-01,2023-03-02,303.7099914550781,102.0,10.0,2.0
2023-03-01,2023-03-02,306.04998779296875,102.0,10.0,2.0
2023-03-01,2023-03-02,311.3800048828125,102.0,10.0,2.0
2023-03-01,2023-03-02,305.29998779296875,102.0,10.0,2.0
2023-03-01,2023-03-02,304.1600036621094,102.0,10.0,2.0
2023-03-01,2023-03-02,305.2799987792969,102.0,10.0,2.0
2023-03-01,2023-03-02,308.42999267578125,102.0,10.0,2.0
2023-03-01,2023-03-02,308.19000244140625,102.0,10.0,2.0
2023-03-01,2023-03-02,305.75,102.0,10.0,2.0
2023-03-01,2023-03-02,302.4800109863281,102.0,10.0,2.0
2023-03-01,2023-03-02,308.9800109863281,102.0,10.0,2.0
2023-03-01,2023-03-02,307.0299987792969,102.0,10.0,2.0
2023-03-01,2023-03-02,304.30999755859375,102.0,10.0,2.0
2023-03-01,2023-03-02,305.88375854492347,102.0,10.0,2.0
2023-03-01,2023-03-02,311.2799987792969,102.0,10.0,2.0
2023-03-01,2023-03-02,310.17999267578125,102.0,10.0,2.0
2023-03-01,2023-03-02,306.239990234375,102.0,10.0,2.0
2023-03-01,2023-03-02,305.94000244140625,102.0,10.0,2.0
2023-03-01,2023-03-02,308.79998779296875,102.0,10.0,2.0
2023-03-01,2023-03-02,306.2799987792969,102.0,10.0,2.0
2023-03-01,2023-03-02,312.9100036621094,102.0,10.0,2.0
2023-03-01,2023-03-02,313.8399963378906,102.0,10.0,2.0
2023-03-01,2023-03-02,303.6199951171875,102.0,10.0,2.0
2023-03-01,2023-03-02,311.94000244140625,102.0,10.0,2.0
2023-03-01,2023-03-02,305.1400146484375,102.0,10.0,2.0
2023-03-01,2023-03-02,306.3699951171875,102.0,10.0,2.0
2023-03-01,2023-03-02,306.8999938964844,102.0,10.0,2.0
2023-03-01,2023-03-02,306.1400146484375,102.0,10.0,2.0
2023-03-01,2023-03-02,302.94000244140625,102.0,10.0,2.0
2023-03-01,2023-03-02,304.0199890136719,102.0,10.0,2.0
2023-03-01,2023-03-02,311.3999938964844,102.0,10.0,2.0
2023-03-01,2023-03-02,310.6000061035156,102.0,10.0,2.0
2023-03-01,2023-03-02,304.55999755859375,102.0,10.0,2.0
2023-03-01,2023-03-02,304.6700134277344,102.0,10.0,2.0
2023-03-01,2023-03-02,304.4800109863281,102.0,10.0,2.0
2023-03-01,2023-03-02,306.2699890136719,102.0,10.0,2.0
2023-03-01,2023-03-02,310.5,102.0,10.0,2.0
2023-03-01,2023-03-02,308.8299865722656,102.0,10.0,2.0
2023-03-01,2023-03-02,310.8900146484375,102.0,10.0,2.0
2023-03-01,2023-03-02,306.9200134277344,102.0,10.0,2.0
2023-03-01,2023-03-02,307.8699951171875,102.0,10.0,2.0
2023-03-01,2023-03-02,301.54998779296875,103.0,10.0,3.0
2023-03-01,2023-03-02,305.4200134277344,103.0,10.0,3.0
2023-03-01,2023-03-02,303.6600036621094,103.0,10.0,3.0
2023-03-01,2023-03-02,303.4800109863281,103.0,10.0,3.0
2023-03-01,2023-03-02,303.9100036621094,103.0,10.0,3.0
2023-03-01,2023-03-02,305.2699890136719,103.0,10.0,3.0
2023-03-01,2023-03-02,307.45001220703125,103.0,10.0,3.0
2023-03-01,2023-03-02,307.57000732421875,103.0,10.0,3.0
2023-03-01,2023-03-02,304.1600036621094,103.0,10.0,3.0
2023-03-01,2023-03-02,304.4700012207031,103.0,10.0,3.0
2023-03-01,2023-03-02,308.3800048828125,103.0,10.0,3.0
2023-03-01,2023-03-02,308.8599853515625,103.0,10.0,3.0
2023-03-01,2023-03-02,307.5,103.0,10.0,3.0
2023-03-01,2023-03-02,302.6300048828125,103.0,10.0,3.0
2023-03-01,2023-03-02,303.6199951171875,103.0,10.0,3.0
2023-03-01,2023-03-02,309.3299865722656,103.0,10.0,3.0
2023-03-01,2023-03-02,304.32000732421875,103.0,10.0,3.0
2023-03-01,2023-03-02,303.94000244140625,103.0,10.0,3.0
2023-03-01,2023-03-02,305.1300048828125,103.0,10.0,3.0
2023-03-01,2023-03-02,307.75,103.0,10.0,3.0
2023-03-01,2023-03-02,311.260009765625,103.0,10.0,3.0
2023-03-01,2023-03-02,306.8800048828125,103.0,10.0,3.0
2023-03-01,2023-03-02,305.94000244140625,103.0,10.0,3.0
2023-03-01,2023-03-02,308.55999755859375,103.0,10.0,3.0
2023-03-01,2023-03-02,310.1499938964844,103.0,10.0,3.0
2023-03-01,2023-03-02,308.32000732421875,103.0,10.0,3.0
2023-03-01,2023-03-02,309.739990234375,103.0,10.0,3.0
2023-03-01,2023-03-02,305.5400085449219,103.0,10.0,3.0
2023-03-01,2023-03-02,310.7900085449219,103.0,10.0,3.0
2023-03-01,2023-03-02,307.7699890136719,103.0,10.0,3.0
2023-03-01,2023-03-02,308.92999267578125,103.0,10.0,3.0
2023-03-01,2023-03-02,306.17999267578125,103.0,10.0,3.0
2023-03-01,2023-03-02,304.2699890136719,103.0,10.0,3.0
2023-03-01,2023-03-02,305.0899963378906,103.0,10.0,3.0
2023-03-01,2023-03-02,305.0799865722656,103.0,10.0,3.0
2023-03-01,2023-03-02,306.8399963378906,103.0,10.0,3.0
2023-03-01,2023-03-02,302.4599914550781,103.0,10.0,3.0
2023-03-01,2023-03-02,306.0400085449219,103.0,10.0,3.0
2023-03-01,2023-03-02,304.9700012207031,103.0,10.0,3.0
2023-03-01,2023-03-02,304.1300048828125,103.0,10.0,3.0
2023-03-01,2023-03-02,307.5199890136719,103.0,10.0,3.0
2023-03-01,2023-03-02,308.3299865722656,103.0,10.0,3.0
2023-03-01,2023-03-02,308.4599914550781,103.0,10.0,3.0
2023-03-01,2023-03-02,304.0799865722656,103.0,10.0,3.0
2023-03-01,2023-03-02,310.989990234375,103.0,10.0,3.0
2023-03-01,2023-03-02,304.92999267578125,103.0,10.0,3.0
2023-03-01,2023-03-02,303.3299865722656,103.0,10.0,3.0
2023-03-01,2023-03-02,307.4700012207031,103.0,10.0,3.0
2023-03-01,2023-03-02,306.1499938964844,103.0,10.0,3.0
2023-03-01,2023-03-02,304.4800109863281,103.0,10.0,3.0
2023-03-01,2023-03-02,308.67999267578125,103.0,10.0,3.0
2023-03-01,2023-03-02,306.739990234375,103.0,10.0,3.0
2023-03-01,2023-03-02,306.5899963378906,103.0,10.0,3.0
2023-03-01,2023-03-02,309.6499938964844,103.0,10.0,3.0
2023-03-01,2023-03-02,302.9599914550781,103.0,10.0,3.0
2023-03-01,2023-03-02,310.1000061035156,103.0,10.0,3.0
2023-03-01,2023-03-02,315.07000732421875,103.0,10.0,3.0
2023-03-01,2023-03-02,309.92999267578125,103.0,10.0,3.0
2023-03-01,2023-03-02,310.5799865722656,103.0,10.0,3.0
2023-03-01,2023-03-02,303.5799865722656,103.0,10.0,3.0
2023-03-01,2023-03-02,308.5799865722656,103.0,10.0,3.0
2023-03-01,2023-03-02,305.2200012207031,103.0,10.0,3.0
2023-03-01,2023-03-02,307.57000732421875,103.0,10.0,3.0
2023-03-01,2023-03-02,306.69000244140625,103.0,10.0,3.0
2023-03-01,2023-03-02,304.8800048828125,103.0,10.0,3.0
2023-03-01,2023-03-02,306.5799865722656,103.0,10.0,3.0
2023-03-01,2023-03-02,308.739990234375,103.0,10.0,3.0
2023-03-01,2023-03-02,305.0799865722656,103.0,10.0,3.0
2023-03-01,2023-03-02,305.5400085449219,103.0,10.0,3.0
2023-03-01,2023-03-02,311.5,103.0,10.0,3.0
2023-03-01,2023-03-02,304.4700012207031,103.0,10.0,3.0
2023-03-01,2023-03-02,303.07000732421875,103.0,10.0,3.0
2023-03-01,2023-03-02,305.3999938964844,103.0,10.0,3.0
2023-03-01,2023-03-02,307.2300109863281,103.0,10.0,3.0
2023-03-01,2023-03-02,308.8800048828125,103.0,10.0,3.0
2023-03-01,2023-03-02,309.0799865722656,103.0,10.0,3.0
2023-03-01,2023-03-02,305.45001220703125,103.0,10.0,3.0
2023-03-01,2023-03-02,303.7200012207031,103.0,10.0,3.0
2023-03-01,2023-03-02,304.989990234375,103.0,10.0,3.0
2023-03-01,2023-03-02,309.7300109863281,103.0,10.0,3.0
2023-03-01,2023-03-02,305.8900146484375,103.0,10.0,3.0
2023-03-01,2023-03-02,307.7900085449219,103.0,10.0,3.0
2023-03-01,2023-03-02,306.17999267578125,103.0,10.0,3.0
2023-03-01,2023-03-02,307.3500061035156,103.0,10.0,3.0
2023-03-01,2023-03-02,303.6400146484375,103.0,10.0,3.0
2023-03-01,2023-03-02,309.5299987792969,103.0,10.0,3.0
2023-03-01,2023-03-02,309.29998779296875,103.0,10.0,3.0
2023-03-01,2023-03-02,302.010009765625,103.0,10.0,3.0
2023-03-01,2023-03-02,304.739990234375,103.0,10.0,3.0
2023-03-01,2023-03-02,304.2699890136719,103.0,10.0,3.0
2023-03-01,2023-03-02,306.7699890136719,103.0,10.0,3.0
2023-03-01,2023-03-02,309.1300048828125,103.0,10.0,3.0
2023-03-01,2023-03-02,306.75,103.0,10.0,3.0
2023-03-01,2023-03-02,305.69000244140625,103.0,10.0,3.0
2023-03-01,2023-03-02,306.70001220703125,103.0,10.0,3.0
2023-03-01,2023-03-02,308.1000061035156,103.0,10.0,3.0
2023-03-01,2023-03-02,306.8699951171875,103.0,10.0,3.0
2023-03-01,2023-03-02,310.92999267578125,103.0,10.0,3.0
2023-03-01,2023-03-02,308.6099853515625,103.0,10.0,3.0
2023-03-01,2023-03-02,303.1700134277344,103.0,10.0,3.0
2023-03-01,2023-03-02,304.6400146484375,104.0,10.0,4.0
2023-03-01,2023-03-02,307.0199890136719,104.0,10.0,4.0
2023-03-01,2023-03-02,304.4100036621094,104.0,10.0,4.0
2023-03-01,2023-03-02,302.3299865722656,104.0,10.0,4.0
2023-03-01,2023-03-02,301.8699951171875,104.0,10.0,4.0
2023-03-01,2023-03-02,301.7099914550781,104.0,10.0,4.0
2023-03-01,2023-03-02,306.7900085449219,104.0,10.0,4.0
2023-03-01,2023-03-02,303.4200134277344,104.0,10.0,4.0
2023-03-01,2023-03-02,305.70001220703125,104.0,10.0,4.0
2023-03-01,2023-03-02,303.6400146484375,104.0,10.0,4.0
2023-03-01,2023-03-02,298.82000732421875,104.0,10.0,4.0
2023-03-01,2023-03-02,303.739990234375,104.0,10.0,4.0
2023-03-01,2023-03-02,305.07000732421875,104.0,10.0,4.0
2023-03-01,2023-03-02,301.1700134277344,104.0,10.0,4.0
2023-03-01,2023-03-02,305.6400146484375,104.0,10.0,4.0
2023-03-01,2023-03-02,306.8800048828125,104.0,10.0,4.0
2023-03-01,2023-03-02,302.44000244140625,104.0,10.0,4.0
2023-03-01,2023-03-02,311.1300048828125,104.0,10.0,4.0
2023-03-01,2023-03-02,302.7115664482126,104.0,10.0,4.0
2023-03-01,2023-03-02,306.16105961799866,104.0,10.0,4.0
2023-03-01,2023-03-02,302.9200134277344,104.0,10.0,4.0
2023-03-01,2023-03-02,304.07000732421875,104.0,10.0,4.0
2023-03-01,2023-03-02,304.2900085449219,104.0,10.0,4.0
2023-03-01,2023-03-02,301.9100036621094,104.0,10.0,4.0
2023-03-01,2023-03-02,304.7200012207031,104.0,10.0,4.0
2023-03-01,2023-03-02,305.3500061035156,104.0,10.0,4.0
2023-03-01,2023-03-02,305.3999938964844,104.0,10.0,4.0
2023-03-01,2023-03-02,303.7900085449219,104.0,10.0,4.0
2023-03-01,2023-03-02,305.54998779296875,104.0,10.0,4.0
2023-03-01,2023-03-02,310.3500061035156,104.0,10.0,4.0
2023-03-01,2023-03-02,304.989990234375,104.0,10.0,4.0
2023-03-01,2023-03-02,307.94000244140625,104.0,10.0,4.0
2023-03-01,2023-03-02,305.4700012207031,104.0,10.0,4.0
2023-03-01,2023-03-02,308.510009765625,104.0,10.0,4.0
2023-03-01,2023-03-02,308.07000732421875,104.0,10.0,4.0
2023-03-01,2023-03-02,305.2300109863281,104.0,10.0,4.0
2023-03-01,2023-03-02,305.0199890136719,104.0,10.0,4.0
2023-03-01,2023-03-02,309.5400085449219,104.0,10.0,4.0
2023-03-01,2023-03-02,306.2699890136719,104.0,10.0,4.0
2023-03-01,2023-03-02,301.7099914550781,104.0,10.0,4.0
2023-03-01,2023-03-02,304.6700134277344,104.0,10.0,4.0
2023-03-01,2023-03-02,306.8500061035156,104.0,10.0,4.0
2023-03-01,2023-03-02,304.8900146484375,104.0,10.0,4.0
2023-03-01,2023-03-02,305.6199951171875,104.0,10.0,4.0
2023-03-01,2023-03-02,305.42999267578125,104.0,10.0,4.0
2023-03-01,2023-03-02,305.3399963378906,104.0,10.0,4.0
2023-03-01,2023-03-02,306.29998779296875,104.0,10.0,4.0
2023-03-01,2023-03-02,305.95001220703125,104.0,10.0,4.0
2023-03-01,2023-03-02,307.45001220703125,104.0,10.0,4.0
2023-03-01,2023-03-02,302.55999755859375,104.0,10.0,4.0
2023-03-01,2023-03-02,303.5899963378906,104.0,10.0,4.0
2023-03-01,2023-03-02,303.8900146484375,104.0,10.0,4.0
2023-03-01,2023-03-02,301.0799865722656,104.0,10.0,4.0
2023-03-01,2023-03-02,303.5299987792969,104.0,10.0,4.0
2023-03-01,2023-03-02,301.3299865722656,104.0,10.0,4.0
2023-03-01,2023-03-02,305.1600036621094,104.0,10.0,4.0
2023-03-01,2023-03-02,302.5199890136719,104.0,10.0,4.0
2023-03-01,2023-03-02,302.9700012207031,104.0,10.0,4.0
2023-03-01,2023-03-02,305.54998779296875,104.0,10.0,4.0
2023-03-01,2023-03-02,303.3699951171875,104.0,10.0,4.0
2023-03-01,2023-03-02,302.010009765625,104.0,10.0,4.0
2023-03-01,2023-03-02,304.05999755859375,104.0,10.0,4.0
2023-03-01,2023-03-02,305.3699951171875,104.0,10.0,4.0
2023-03-01,2023-03-02,304.1099853515625,104.0,10.0,4.0
2023-03-01,2023-03-02,306.9200134277344,104.0,10.0,4.0
2023-03-01,2023-03-02,306.3999938964844,104.0,10.0,4.0
2023-03-01,2023-03-02,309.7300109863281,104.0,10.0,4.0
2023-03-01,2023-03-02,305.010009765625,104.0,10.0,4.0
2023-03-01,2023-03-02,305.0199890136719,104.0,10.0,4.0
2023-03-01,2023-03-02,302.67999267578125,104.0,10.0,4.0
2023-03-01,2023-03-02,305.6199951171875,104.0,10.0,4.0
2023-03-01,2023-03-02,304.9100036621094,104.0,10.0,4.0
2023-03-01,2023-03-02,305.3699951171875,104.0,10.0,4.0
2023-03-01,2023-03-02,307.5799865722656,104.0,10.0,4.0
2023-03-01,2023-03-02,310.17999267578125,104.0,10.0,4.0
2023-03-01,2023-03-02,305.010009765625,104.0,10.0,4.0
2023-03-01,2023-03-02,303.69000244140625,104.0,10.0,4.0
2023-03-01,2023-03-02,306.4800109863281,104.0,10.0,4.0
2023-03-01,2023-03-02,306.0899963378906,104.0,10.0,4.0
2023-03-01,2023-03-02,304.92999267578125,104.0,10.0,4.0
2023-03-01,2023-03-02,306.0799865722656,104.0,10.0,4.0
2023-03-01,2023-03-02,305.8800048828125,104.0,10.0,4.0
2023-03-01,2023-03-02,305.3299865722656,104.0,10.0,4.0
2023-03-01,2023-03-02,304.510009765625,104.0,10.0,4.0
2023-03-01,2023-03-02,306.2799987792969,104.0,10.0,4.0
2023-03-01,2023-03-02,303.2699890136719,104.0,10.0,4.0
2023-03-01,2023-03-02,306.7900085449219,104.0,10.0,4.0
2023-03-01,2023-03-02,304.5199890136719,104.0,10.0,4.0
2023-03-01,2023-03-02,304.05999755859375,104.0,10.0,4.0
2023-03-01,2023-03-02,304.4200134277344,104.0,10.0,4.0
2023-03-01,2023-03-02,304.010009765625,104.0,10.0,4.0
2023-03-01,2023-03-02,303.44000244140625,104.0,10.0,4.0
2023-03-01,2023-03-02,303.17999267578125,104.0,10.0,4.0
2023-03-01,2023-03-02,302.260009765625,104.0,10.0,4.0
2023-03-01,2023-03-02,307.3299865722656,104.0,10.0,4.0
2023-03-01,2023-03-02,313.1499938964844,104.0,10.0,4.0
2023-03-01,2023-03-02,306.3800048828125,104.0,10.0,4.0
2023-03-01,2023-03-02,305.489990234375,104.0,10.0,4.0
2023-03-01,2023-03-02,301.510009765625,104.0,10.0,4.0
2023-03-01,2023-03-02,304.5199890136719,104.0,10.0,4.0
2023-03-01,2023-03-02,301.5299987792969,105.0,10.0,5.0
2023-03-01,2023-03-02,303.0199890136719,105.0,10.0,5.0
2023-03-01,2023-03-02,300.9599914550781,105.0,10.0,5.0
2023-03-01,2023-03-02,303.19000244140733,105.0,10.0,5.0
2023-03-01,2023-03-02,302.94000244140625,105.0,10.0,5.0
2023-03-01,2023-03-02,306.3699951171875,105.0,10.0,5.0
2023-03-01,2023-03-02,306.6400146484375,105.0,10.0,5.0
2023-03-01,2023-03-02,303.19000244140625,105.0,10.0,5.0
2023-03-01,2023-03-02,301.30999755859375,105.0,10.0,5.0
2023-03-01,2023-03-02,301.7200012207031,105.0,10.0,5.0
2023-03-01,2023-03-02,302.2900085449219,105.0,10.0,5.0
2023-03-01,2023-03-02,300.510009765625,105.0,10.0,5.0
2023-03-01,2023-03-02,304.0799865722656,105.0,10.0,5.0
2023-03-01,2023-03-02,304.9599914550781,105.0,10.0,5.0
2023-03-01,2023-03-02,305.3399963378906,105.0,10.0,5.0
2023-03-01,2023-03-02,301.2300109863281,105.0,10.0,5.0
2023-03-01,2023-03-02,300.260009765625,105.0,10.0,5.0
2023-03-01,2023-03-02,301.5799865722656,105.0,10.0,5.0
2023-03-01,2023-03-02,301.0799865722656,105.0,10.0,5.0
2023-03-01,2023-03-02,300.3800048828125,105.0,10.0,5.0
2023-03-01,2023-03-02,299.8999938964844,105.0,10.0,5.0
2023-03-01,2023-03-02,301.7799987792969,105.0,10.0,5.0
2023-03-01,2023-03-02,301.30999755859375,105.0,10.0,5.0
2023-03-01,2023-03-02,303.92999267578125,105.0,10.0,5.0
2023-03-01,2023-03-02,303.6400146484375,105.0,10.0,5.0
2023-03-01,2023-03-02,301.6499938964844,105.0,10.0,5.0
2023-03-01,2023-03-02,303.05999755859375,105.0,10.0,5.0
2023-03-01,2023-03-02,303.2799987792969,105.0,10.0,5.0
2023-03-01,2023-03-02,303.8399963378906,105.0,10.0,5.0
2023-03-01,2023-03-02,301.9200134277344,105.0,10.0,5.0
2023-03-01,2023-03-02,300.55999755859375,105.0,10.0,5.0
2023-03-01,2023-03-02,303.19000244140625,105.0,10.0,5.0
2023-03-01,2023-03-02,301.44929432869213,105.0,10.0,5.0
2023-03-01,2023-03-02,301.79998779296875,105.0,10.0,5.0
2023-03-01,2023-03-02,300.2799987792969,105.0,10.0,5.0
2023-03-01,2023-03-02,301.42999267578125,105.0,10.0,5.0
2023-03-01,2023-03-02,305.489990234375,105.0,10.0,5.0
2023-03-01,2023-03-02,302.42999267578125,105.0,10.0,5.0
2023-03-01,2023-03-02,304.1600036621094,105.0,10.0,5.0
2023-03-01,2023-03-02,302.4700012207031,105.0,10.0,5.0
2023-03-01,2023-03-02,302.1400146484375,105.0,10.0,5.0
2023-03-01,2023-03-02,303.9800109863281,105.0,10.0,5.0
2023-03-01,2023-03-02,302.9599914550781,105.0,10.0,5.0
2023-03-01,2023-03-02,301.6499938964844,105.0,10.0,5.0
2023-03-01,2023-03-02,300.5,105.0,10.0,5.0
2023-03-01,2023-03-02,301.92999267578125,105.0,10.0,5.0
2023-03-01,2023-03-02,300.5,105.0,10.0,5.0
2023-03-01,2023-03-02,303.94000244140625,105.0,10.0,5.0
2023-03-01,2023-03-02,301.0799865722656,105.0,10.0,5.0
2023-03-01,2023-03-02,305.2799987792969,105.0,10.0,5.0
2023-03-01,2023-03-02,304.4100036621094,105.0,10.0,5.0
2023-03-01,2023-03-02,305.3800048828125,105.0,10.0,5.0
2023-03-01,2023-03-02,301.6000061035156,105.0,10.0,5.0
2023-03-01,2023-03-02,300.7699890136719,105.0,10.0,5.0
2023-03-01,2023-03-02,302.92999267578125,105.0,10.0,5.0
2023-03-01,2023-03-02,302.1600036621094,105.0,10.0,5.0
2023-03-01,2023-03-02,298.82000732421875,105.0,10.0,5.0
2023-03-01,2023-03-02,301.3699951171875,105.0,10.0,5.0
2023-03-01,2023-03-02,300.2699890136719,105.0,10.0,5.0
2023-03-01,2023-03-02,301.3599853515625,105.0,10.0,5.0
2023-03-01,2023-03-02,303.55999755859375,105.0,10.0,5.0
2023-03-01,2023-03-02,301.32000732421875,105.0,10.0,5.0
2023-03-01,2023-03-02,302.760009765625,105.0,10.0,5.0
2023-03-01,2023-03-02,302.82000732421875,105.0,10.0,5.0
2023-03-01,2023-03-02,301.25,105.0,10.0,5.0
2023-03-01,2023-03-02,304.2699890136719,105.0,10.0,5.0
2023-03-01,2023-03-02,298.8599853515625,105.0,10.0,5.0
2023-03-01,2023-03-02,302.8399963378906,105.0,10.0,5.0
2023-03-01,2023-03-02,301.30999755859375,105.0,10.0,5.0
2023-03-01,2023-03-02,300.2699890136719,105.0,10.0,5.0
2023-03-01,2023-03-02,303.9800109863281,105.0,10.0,5.0
2023-03-01,2023-03-02,302.3599853515625,105.0,10.0,5.0
2023-03-01,2023-03-02,303.510009765625,105.0,10.0,5.0
2023-03-01,2023-03-02,300.67999267578125,105.0,10.0,5.0
2023-03-01,2023-03-02,302.2699890136719,105.0,10.0,5.0
2023-03-01,2023-03-02,304.42999267578125,105.0,10.0,5.0
2023-03-01,2023-03-02,305.6000061035156,105.0,10.0,5.0
2023-03-01,2023-03-02,300.6600036621094,105.0,10.0,5.0
2023-03-01,2023-03-02,302.9100036621094,105.0,10.0,5.0
2023-03-01,2023-03-02,303.739990234375,105.0,10.0,5.0
2023-03-01,2023-03-02,300.6000061035156,105.0,10.0,5.0
2023-03-01,2023-03-02,301.010009765625,105.0,10.0,5.0
2023-03-01,2023-03-02,303.5799865722656,105.0,10.0,5.0
2023-03-01,2023-03-02,300.8999938964844,105.0,10.0,5.0
2023-03-01,2023-03-02,300.30999755859375,105.0,10.0,5.0
2023-03-01,2023-03-02,299.25,105.0,10.0,5.0
2023-03-01,2023-03-02,302.6199951171875,105.0,10.0,5.0
2023-03-01,2023-03-02,300.3699951171875,105.0,10.0,5.0
2023-03-01,2023-03-02,300.05999755859375,105.0,10.0,5.0
2023-03-01,2023-03-02,304.2900085449219,105.0,10.0,5.0
2023-03-01,2023-03-02,304.2099914550781,105.0,10.0,5.0
2023-03-01,2023-03-02,303.3699951171875,105.0,10.0,5.0
2023-03-01,2023-03-02,301.3999938964844,105.0,10.0,5.0
2023-03-01,2023-03-02,302.2200012207031,105.0,10.0,5.0
2023-03-01,2023-03-02,303.9100036621094,105.0,10.0,5.0
2023-03-01,2023-03-02,297.5899963378906,105.0,10.0,5.0
2023-03-01,2023-03-02,302.8900146484375,105.0,10.0,5.0
2023-03-01,2023-03-02,302.7300109863281,105.0,10.0,5.0
2023-03-01,2023-03-02,303.7200012207031,105.0,10.0,5.0
2023-03-01,2023-03-02,303.7300109863281,105.0,10.0,5.0
2023-03-01,2023-03-02,302.1199951171875,106.0,10.0,6.0
2023-03-01,2023-03-02,301.8999938964844,106.0,10.0,6.0
2023-03-01,2023-03-02,303.2200012207031,106.0,10.0,6.0
2023-03-01,2023-03-02,301.1199951171875,106.0,10.0,6.0
2023-03-01,2023-03-02,299.6199951171875,106.0,10.0,6.0
2023-03-01,2023-03-02,304.0899963378906,106.0,10.0,6.0
2023-03-01,2023-03-02,302.57000732421875,106.0,10.0,6.0
2023-03-01,2023-03-02,298.4200134277344,106.0,10.0,6.0
2023-03-01,2023-03-02,299.54998779296875,106.0,10.0,6.0
2023-03-01,2023-03-02,297.5899963378906,106.0,10.0,6.0
2023-03-01,2023-03-02,302.4700012207031,106.0,10.0,6.0
2023-03-01,2023-03-02,299.3999938964844,106.0,10.0,6.0
2023-03-01,2023-03-02,301.8599853515625,106.0,10.0,6.0
2023-03-01,2023-03-02,301.17999267578125,106.0,10.0,6.0
2023-03-01,2023-03-02,300.75,106.0,10.0,6.0
2023-03-01,2023-03-02,299.20001220703125,106.0,10.0,6.0
2023-03-01,2023-03-02,302.7900085449219,106.0,10.0,6.0
2023-03-01,2023-03-02,302.07000732421875,106.0,10.0,6.0
2023-03-01,2023-03-02,301.70001220703125,106.0,10.0,6.0
2023-03-01,2023-03-02,300.20001220703125,106.0,10.0,6.0
2023-03-01,2023-03-02,303.8399963378906,106.0,10.0,6.0
2023-03-01,2023-03-02,300.3800048828125,106.0,10.0,6.0
2023-03-01,2023-03-02,302.4100036621094,106.0,10.0,6.0
2023-03-01,2023-03-02,299.7099914550781,106.0,10.0,6.0
2023-03-01,2023-03-02,300.8800048828125,106.0,10.0,6.0
2023-03-01,2023-03-02,300.95910906791863,106.0,10.0,6.0
2023-03-01,2023-03-02,302.239990234375,106.0,10.0,6.0
2023-03-01,2023-03-02,305.1600036621094,106.0,10.0,6.0
2023-03-01,2023-03-02,297.2900085449219,106.0,10.0,6.0
2023-03-01,2023-03-02,299.3800048828125,106.0,10.0,6.0
2023-03-01,2023-03-02,299.79998779296875,106.0,10.0,6.0
2023-03-01,2023-03-02,302.4800109863281,106.0,10.0,6.0
2023-03-01,2023-03-02,301.92999267578125,106.0,10.0,6.0
2023-03-01,2023-03-02,300.9700012207031,106.0,10.0,6.0
2023-03-01,2023-03-02,299.57000732421875,106.0,10.0,6.0
2023-03-01,2023-03-02,298.75,106.0,10.0,6.0
2023-03-01,2023-03-02,303.0799865722656,106.0,10.0,6.0
2023-03-01,2023-03-02,302.32000732421875,106.0,10.0,6.0
2023-03-01,2023-03-02,302.1591331958762,106.0,10.0,6.0
2023-03-01,2023-03-02,301.1000061035156,106.0,10.0,6.0
2023-03-01,2023-03-02,304.0799865722656,106.0,10.0,6.0
2023-03-01,2023-03-02,297.19000244140625,106.0,10.0,6.0
2023-03-01,2023-03-02,301.82000732421875,106.0,10.0,6.0
2023-03-01,2023-03-02,297.739990234375,106.0,10.0,6.0
2023-03-01,2023-03-02,298.1700134277344,106.0,10.0,6.0
2023-03-01,2023-03-02,300.32000732421875,106.0,10.0,6.0
2023-03-01,2023-03-02,299.3299865722656,106.0,10.0,6.0
2023-03-01,2023-03-02,305.5799865722656,106.0,10.0,6.0
2023-03-01,2023-03-02,298.9200134277344,106.0,10.0,6.0
2023-03-01,2023-03-02,301.6199951171875,106.0,10.0,6.0
2023-03-01,2023-03-02,303.760009765625,106.0,10.0,6.0
2023-03-01,2023-03-02,303.32000732421875,106.0,10.0,6.0
2023-03-01,2023-03-02,298.760009765625,106.0,10.0,6.0
2023-03-01,2023-03-02,302.19000244140625,106.0,10.0,6.0
2023-03-01,2023-03-02,304.17999267578125,106.0,10.0,6.0
2023-03-01,2023-03-02,303.8299865722656,106.0,10.0,6.0
2023-03-01,2023-03-02,298.54998779296875,106.0,10.0,6.0
2023-03-01,2023-03-02,299.3299865722656,106.0,10.0,6.0
2023-03-01,2023-03-02,301.4800109863281,106.0,10.0,6.0
2023-03-01,2023-03-02,300.75,106.0,10.0,6.0
2023-03-01,2023-03-02,299.0199890136719,106.0,10.0,6.0
2023-03-01,2023-03-02,302.2300109863281,106.0,10.0,6.0
2023-03-01,2023-03-02,303.3299865722656,106.0,10.0,6.0
2023-03-01,2023-03-02,302.19000244140625,106.0,10.0,6.0
2023-03-01,2023-03-02,303.6400146484375,106.0,10.0,6.0
2023-03-01,2023-03-02,301.95001220703125,106.0,10.0,6.0
2023-03-01,2023-03-02,301.2300109863281,106.0,10.0,6.0
2023-03-01,2023-03-02,300.04998779296875,106.0,10.0,6.0
2023-03-01,2023-03-02,300.3999938964844,106.0,10.0,6.0
2023-03-01,2023-03-02,302.1600036621094,106.0,10.0,6.0
2023-03-01,2023-03-02,301.67999267578125,106.0,10.0,6.0
2023-03-01,2023-03-02,301.7200012207031,106.0,10.0,6.0
2023-03-01,2023-03-02,299.5,106.0,10.0,6.0
2023-03-01,2023-03-02,303.1112502813335,106.0,10.0,6.0
2023-03-01,2023-03-02,297.3599853515625,106.0,10.0,6.0
2023-03-01,2023-03-02,297.94000244140625,106.0,10.0,6.0
2023-03-01,2023-03-02,305.9700012207031,106.0,10.0,6.0
2023-03-01,2023-03-02,305.32000732421875,106.0,10.0,6.0
2023-03-01,2023-03-02,302.8699951171875,106.0,10.0,6.0
2023-03-01,2023-03-02,297.6499938964844,106.0,10.0,6.0
2023-03-01,2023-03-02,301.7799987792969,106.0,10.0,6.0
2023-03-01,2023-03-02,300.92999267578125,106.0,10.0,6.0
2023-03-01,2023-03-02,298.75,106.0,10.0,6.0
2023-03-01,2023-03-02,299.6199951171875,106.0,10.0,6.0
2023-03-01,2023-03-02,302.8900146484375,106.0,10.0,6.0
2023-03-01,2023-03-02,301.45001220703125,106.0,10.0,6.0
2023-03-01,2023-03-02,300.8299865722656,106.0,10.0,6.0
2023-03-01,2023-03-02,298.19124984741273,106.0,10.0,6.0
2023-03-01,2023-03-02,300.4200134277344,106.0,10.0,6.0
2023-03-01,2023-03-02,302.30999755859375,106.0,10.0,6.0
2023-03-01,2023-03-02,297.6099853515625,106.0,10.0,6.0
2023-03-01,2023-03-02,298.9700012207031,106.0,10.0,6.0
2023-03-01,2023-03-02,297.739990234375,106.0,10.0,6.0
2023-03-01,2023-03-02,299.260009765625,106.0,10.0,6.0
2023-03-01,2023-03-02,297.70001220703125,106.0,10.0,6.0
2023-03-01,2023-03-02,302.07000732421875,106.0,10.0,6.0
2023-03-01,2023-03-02,300.2200012207031,106.0,10.0,6.0
2023-03-01,2023-03-02,299.2699890136719,106.0,10.0,6.0
2023-03-01,2023-03-02,302.6300048828125,106.0,10.0,6.0
2023-03-01,2023-03-02,298.79998779296875,106.0,10.0,6.0
2023-03-01,2023-03-02,318.9100036621094,301.0,30.0,1.0
2023-03-01,2023-03-02,312.3900146484375,301.0,30.0,1.0
2023-03-01,2023-03-02,318.8900146484375,301.0,30.0,1.0
2023-03-01,2023-03-02,319.4700012207031,301.0,30.0,1.0
2023-03-01,2023-03-02,308.8800048828125,301.0,30.0,1.0
2023-03-01,2023-03-02,318.55999755859375,301.0,30.0,1.0
2023-03-01,2023-03-02,320.82000732421875,301.0,30.0,1.0
2023-03-01,2023-03-02,310.739990234375,301.0,30.0,1.0
2023-03-01,2023-03-02,316.17999267578125,301.0,30.0,1.0
2023-03-01,2023-03-02,308.0400085449219,301.0,30.0,1.0
2023-03-01,2023-03-02,315.2799987792969,301.0,30.0,1.0
2023-03-01,2023-03-02,315.1300048828125,301.0,30.0,1.0
2023-03-01,2023-03-02,313.2900085449219,301.0,30.0,1.0
2023-03-01,2023-03-02,311.1400146484375,301.0,30.0,1.0
2023-03-01,2023-03-02,311.79998779296875,301.0,30.0,1.0
2023-03-01,2023-03-02,313.6199951171875,301.0,30.0,1.0
2023-03-01,2023-03-02,323.8699951171875,301.0,30.0,1.0
2023-03-01,2023-03-02,315.260009765625,301.0,30.0,1.0
2023-03-01,2023-03-02,316.4200134277344,301.0,30.0,1.0
2023-03-01,2023-03-02,318.3900146484375,301.0,30.0,1.0
2023-03-01,2023-03-02,317.0799865722656,301.0,30.0,1.0
2023-03-01,2023-03-02,311.8699951171875,301.0,30.0,1.0
2023-03-01,2023-03-02,312.5400085449219,301.0,30.0,1.0
2023-03-01,2023-03-02,305.19000244140625,301.0,30.0,1.0
2023-03-01,2023-03-02,312.2099914550781,301.0,30.0,1.0
2023-03-01,2023-03-02,316.95001220703125,301.0,30.0,1.0
2023-03-01,2023-03-02,320.6099853515625,301.0,30.0,1.0
2023-03-01,2023-03-02,319.7200012207031,301.0,30.0,1.0
2023-03-01,2023-03-02,320.2200012207031,301.0,30.0,1.0
2023-03-01,2023-03-02,320.010009765625,301.0,30.0,1.0
2023-03-01,2023-03-02,319.739990234375,301.0,30.0,1.0
2023-03-01,2023-03-02,319.6099853515625,301.0,30.0,1.0
2023-03-01,2023-03-02,312.7099914550781,301.0,30.0,1.0
2023-03-01,2023-03-02,308.510009765625,301.0,30.0,1.0
2023-03-01,2023-03-02,323.70062327385136,301.0,30.0,1.0
2023-03-01,2023-03-02,312.4100036621094,301.0,30.0,1.0
2023-03-01,2023-03-02,320.44000244140625,301.0,30.0,1.0
2023-03-01,2023-03-02,318.9100036621094,301.0,30.0,1.0
2023-03-01,2023-03-02,317.5,301.0,30.0,1.0
2023-03-01,2023-03-02,314.510009765625,301.0,30.0,1.0
2023-03-01,2023-03-02,318.6099853515625,301.0,30.0,1.0
2023-03-01,2023-03-02,311.9200134277344,301.0,30.0,1.0
2023-03-01,2023-03-02,310.2900085449219,301.0,30.0,1.0
2023-03-01,2023-03-02,316.010009765625,301.0,30.0,1.0
2023-03-01,2023-03-02,314.8999938964844,301.0,30.0,1.0
2023-03-01,2023-03-02,318.2900085449219,301.0,30.0,1.0
2023-03-01,2023-03-02,309.989990234375,301.0,30.0,1.0
2023-03-01,2023-03-02,310.5017898082744,301.0,30.0,1.0
2023-03-01,2023-03-02,313.6199951171875,301.0,30.0,1.0
2023-03-01,2023-03-02,316.8599853515625,301.0,30.0,1.0
2023-03-01,2023-03-02,311.3399963378906,301.0,30.0,1.0
2023-03-01,2023-03-02,311.1000061035156,301.0,30.0,1.0
2023-03-01,2023-03-02,319.260009765625,301.0,30.0,1.0
2023-03-01,2023-03-02,310.5400085449219,301.0,30.0,1.0
2023-03-01,2023-03-02,309.2900085449219,301.0,30.0,1.0
2023-03-01,2023-03-02,321.3999938964844,301.0,30.0,1.0
2023-03-01,2023-03-02,307.739990234375,301.0,30.0,1.0
2023-03-01,2023-03-02,311.5899963378906,301.0,30.0,1.0
2023-03-01,2023-03-02,319.19000244140625,301.0,30.0,1.0
2023-03-01,2023-03-02,315.5299987792969,301.0,30.0,1.0
2023-03-01,2023-03-02,308.20001220703125,301.0,30.0,1.0
2023-03-01,2023-03-02,316.17999267578125,301.0,30.0,1.0
2023-03-01,2023-03-02,321.32000732421875,301.0,30.0,1.0
2023-03-01,2023-03-02,314.70001220703125,301.0,30.0,1.0
2023-03-01,2023-03-02,314.0400085449219,301.0,30.0,1.0
2023-03-01,2023-03-02,322.3900146484375,301.0,30.0,1.0
2023-03-01,2023-03-02,318.4200134277344,301.0,30.0,1.0
2023-03-01,2023-03-02,320.7799987792969,301.0,30.0,1.0
2023-03-01,2023-03-02,312.4700012207031,301.0,30.0,1.0
2023-03-01,2023-03-02,314.8999938964844,301.0,30.0,1.0
2023-03-01,2023-03-02,316.6499938964844,301.0,30.0,1.0
2023-03-01,2023-03-02,310.8500061035156,301.0,30.0,1.0
2023-03-01,2023-03-02,309.5899963378906,301.0,30.0,1.0
2023-03-01,2023-03-02,312.4700012207031,301.0,30.0,1.0
2023-03-01,2023-03-02,307.75,301.0,30.0,1.0
2023-03-01,2023-03-02,309.17999267578125,301.0,30.0,1.0
2023-03-01,2023-03-02,321.3500061035156,301.0,30.0,1.0
2023-03-01,2023-03-02,317.0799865722656,301.0,30.0,1.0
2023-03-01,2023-03-02,315.6199951171875,301.0,30.0,1.0
2023-03-01,2023-03-02,317.3299865722656,301.0,30.0,1.0
2023-03-01,2023-03-02,312.94000244140625,301.0,30.0,1.0
2023-03-01,2023-03-02,310.30999755859375,301.0,30.0,1.0
2023-03-01,2023-03-02,320.32000732421875,301.0,30.0,1.0
2023-03-01,2023-03-02,310.55999755859375,301.0,30.0,1.0
2023-03-01,2023-03-02,316.4200134277344,301.0,30.0,1.0
2023-03-01,2023-03-02,322.92999267578125,301.0,30.0,1.0
2023-03-01,2023-03-02,310.3299865722656,301.0,30.0,1.0
2023-03-01,2023-03-02,313.4200134277344,301.0,30.0,1.0
2023-03-01,2023-03-02,313.9700012207031,301.0,30.0,1.0
2023-03-01,2023-03-02,314.9100036621094,301.0,30.0,1.0
2023-03-01,2023-03-02,312.760009765625,301.0,30.0,1.0
2023-03-01,2023-03-02,319.7300109863281,301.0,30.0,1.0
2023-03-01,2023-03-02,309.4800109863281,301.0,30.0,1.0
2023-03-01,2023-03-02,323.25,301.0,30.0,1.0
2023-03-01,2023-03-02,313.510009765625,301.0,30.0,1.0
2023-03-01,2023-03-02,318.2200012207031,301.0,30.0,1.0
2023-03-01,2023-03-02,314.1099853515625,301.0,30.0,1.0
2023-03-01,2023-03-02,308.5400085449219,301.0,30.0,1.0
2023-03-01,2023-03-02,312.0899963378906,301.0,30.0,1.0
2023-03-01,2023-03-02,313.8399963378906,301.0,30.0,1.0
2023-03-01,2023-03-02,317.510009765625,302.0,30.0,2.0
2023-03-01,2023-03-02,322.0,302.0,30.0,2.0
2023-03-01,2023-03-02,317.07000732421875,302.0,30.0,2.0
2023-03-01,2023-03-02,317.5,302.0,30.0,2.0
2023-03-01,2023-03-02,320.94000244140625,302.0,30.0,2.0
2023-03-01,2023-03-02,314.5199890136719,302.0,30.0,2.0
2023-03-01,2023-03-02,319.7699890136719,302.0,30.0,2.0
2023-03-01,2023-03-02,320.2200012207031,302.0,30.0,2.0
2023-03-01,2023-03-02,316.5,302.0,30.0,2.0
2023-03-01,2023-03-02,311.9100036621094,302.0,30.0,2.0
2023-03-01,2023-03-02,314.4200134277344,302.0,30.0,2.0
2023-03-01,2023-03-02,322.5299987792969,302.0,30.0,2.0
2023-03-01,2023-03-02,309.19000244140625,302.0,30.0,2.0
2023-03-01,2023-03-02,306.3900146484375,302.0,30.0,2.0
2023-03-01,2023-03-02,313.739990234375,302.0,30.0,2.0
2023-03-01,2023-03-02,321.3399963378906,302.0,30.0,2.0
2023-03-01,2023-03-02,317.32000732421875,302.0,30.0,2.0
2023-03-01,2023-03-02,312.8599853515625,302.0,30.0,2.0
2023-03-01,2023-03-02,324.3900146484375,302.0,30.0,2.0
2023-03-01,2023-03-02,314.8800048828125,302.0,30.0,2.0
2023-03-01,2023-03-02,311.2900085449219,302.0,30.0,2.0
2023-03-01,2023-03-02,318.1099853515625,302.0,30.0,2.0
2023-03-01,2023-03-02,318.4100036621094,302.0,30.0,2.0
2023-03-01,2023-03-02,317.4224939346315,302.0,30.0,2.0
2023-03-01,2023-03-02,320.69000244140625,302.0,30.0,2.0
2023-03-01,2023-03-02,317.29998779296875,302.0,30.0,2.0
2023-03-01,2023-03-02,316.2300109863281,302.0,30.0,2.0
2023-03-01,2023-03-02,314.5,302.0,30.0,2.0
2023-03-01,2023-03-02,318.4599914550781,302.0,30.0,2.0
2023-03-01,2023-03-02,309.2799987792969,302.0,30.0,2.0
2023-03-01,2023-03-02,318.67999267578125,302.0,30.0,2.0
2023-03-01,2023-03-02,316.1099853515625,302.0,30.0,2.0
2023-03-01,2023-03-02,316.04998779296875,302.0,30.0,2.0
2023-03-01,2023-03-02,314.9599914550781,302.0,30.0,2.0
2023-03-01,2023-03-02,323.7200012207031,302.0,30.0,2.0
2023-03-01,2023-03-02,320.17999267578125,302.0,30.0,2.0
2023-03-01,2023-03-02,324.5899963378906,302.0,30.0,2.0
2023-03-01,2023-03-02,314.70001220703125,302.0,30.0,2.0
2023-03-01,2023-03-02,322.0,302.0,30.0,2.0
2023-03-01,2023-03-02,316.2099914550781,302.0,30.0,2.0
2023-03-01,2023-03-02,311.2099914550781,302.0,30.0,2.0
2023-03-01,2023-03-02,322.19000244140625,302.0,30.0,2.0
2023-03-01,2023-03-02,317.55999755859375,302.0,30.0,2.0
2023-03-01,2023-03-02,313.32000732421875,302.0,30.0,2.0
2023-03-01,2023-03-02,321.9800109863281,302.0,30.0,2.0
2023-03-01,2023-03-02,316.8800048828125,302.0,30.0,2.0
2023-03-01,2023-03-02,308.6499938964844,302.0,30.0,2.0
2023-03-01,2023-03-02,308.19000244140625,302.0,30.0,2.0
2023-03-01,2023-03-02,318.3900146484375,302.0,30.0,2.0
2023-03-01,2023-03-02,310.0299987792969,302.0,30.0,2.0
2023-03-01,2023-03-02,319.4100036621094,302.0,30.0,2.0
2023-03-01,2023-03-02,322.2200012207031,302.0,30.0,2.0
2023-03-01,2023-03-02,315.2099914550781,302.0,30.0,2.0
2023-03-01,2023-03-02,309.6000061035156,302.0,30.0,2.0
2023-03-01,2023-03-02,321.6000061035156,302.0,30.0,2.0
2023-03-01,2023-03-02,322.07000732421875,302.0,30.0,2.0
2023-03-01,2023-03-02,319.4700012207031,302.0,30.0,2.0
2023-03-01,2023-03-02,309.42999267578125,302.0,30.0,2.0
2023-03-01,2023-03-02,312.07000732421875,302.0,30.0,2.0
2023-03-01,2023-03-02,315.29998779296875,302.0,30.0,2.0
2023-03-01,2023-03-02,322.5400085449219,302.0,30.0,2.0
2023-03-01,2023-03-02,318.0299987792969,302.0,30.0,2.0
2023-03-01,2023-03-02,313.739990234375,302.0,30.0,2.0
2023-03-01,2023-03-02,314.7300109863281,302.0,30.0,2.0
2023-03-01,2023-03-02,319.2699890136719,302.0,30.0,2.0
2023-03-01,2023-03-02,317.760009765625,302.0,30.0,2.0
2023-03-01,2023-03-02,319.8599853515625,302.0,30.0,2.0
2023-03-01,2023-03-02,323.9599914550781,302.0,30.0,2.0
2023-03-01,2023-03-02,316.2099914550781,302.0,30.0,2.0
2023-03-01,2023-03-02,320.3399963378906,302.0,30.0,2.0
2023-03-01,2023-03-02,306.82000732421875,302.0,30.0,2.0
2023-03-01,2023-03-02,315.55999755859375,302.0,30.0,2.0
2023-03-01,2023-03-02,316.4800109863281,302.0,30.0,2.0
2023-03-01,2023-03-02,322.8800048828125,302.0,30.0,2.0
2023-03-01,2023-03-02,314.5199890136719,302.0,30.0,2.0
2023-03-01,2023-03-02,314.79998779296875,302.0,30.0,2.0
2023-03-01,2023-03-02,321.489990234375,302.0,30.0,2.0
2023-03-01,2023-03-02,308.42999267578125,302.0,30.0,2.0
2023-03-01,2023-03-02,316.8500061035156,302.0,30.0,2.0
2023-03-01,2023-03-02,319.1300048828125,302.0,30.0,2.0
2023-03-01,2023-03-02,313.05999755859375,302.0,30.0,2.0
2023-03-01,2023-03-02,320.5299987792969,302.0,30.0,2.0
2023-03-01,2023-03-02,320.8699951171875,302.0,30.0,2.0
2023-03-01,2023-03-02,320.82000732421875,302.0,30.0,2.0
2023-03-01,2023-03-02,312.82000732421875,302.0,30.0,2.0
2023-03-01,2023-03-02,315.9700012207031,302.0,30.0,2.0
2023-03-01,2023-03-02,321.6499938964844,302.0,30.0,2.0
2023-03-01,2023-03-02,310.6600036621094,302.0,30.0,2.0
2023-03-01,2023-03-02,321.82000732421875,302.0,30.0,2.0
2023-03-01,2023-03-02,314.92999267578125,302.0,30.0,2.0
2023-03-01,2023-03-02,320.7699890136719,302.0,30.0,2.0
2023-03-01,2023-03-02,319.739990234375,302.0,30.0,2.0
2023-03-01,2023-03-02,311.57000732421875,302.0,30.0,2.0
2023-03-01,2023-03-02,322.79998779296875,302.0,30.0,2.0
2023-03-01,2023-03-02,311.9100036621094,302.0,30.0,2.0
2023-03-01,2023-03-02,324.3399963378906,302.0,30.0,2.0
2023-03-01,2023-03-02,318.80999755859375,302.0,30.0,2.0
2023-03-01,2023-03-02,313.6700134277344,302.0,30.0,2.0
2023-03-01,2023-03-02,321.1700134277344,302.0,30.0,2.0
2023-03-01,2023-03-02,318.1600036621094,302.0,30.0,2.0
2023-03-01,2023-03-02,318.55999755859375,303.0,30.0,3.0
2023-03-01,2023-03-02,317.8800048828125,303.0,30.0,3.0
2023-03-01,2023-03-02,318.510009765625,303.0,30.0,3.0
2023-03-01,2023-03-02,307.6400146484375,303.0,30.0,3.0
2023-03-01,2023-03-02,317.760009765625,303.0,30.0,3.0
2023-03-01,2023-03-02,314.9700012207031,303.0,30.0,3.0
2023-03-01,2023-03-02,307.54998779296875,303.0,30.0,3.0
2023-03-01,2023-03-02,320.4700012207031,303.0,30.0,3.0
2023-03-01,2023-03-02,310.5400085449219,303.0,30.0,3.0
2023-03-01,2023-03-02,312.1600036621094,303.0,30.0,3.0
2023-03-01,2023-03-02,313.1600036621094,303.0,30.0,3.0
2023-03-01,2023-03-02,319.4800109863281,303.0,30.0,3.0
2023-03-01,2023-03-02,306.6400146484375,303.0,30.0,3.0
2023-03-01,2023-03-02,318.32000732421875,303.0,30.0,3.0
2023-03-01,2023-03-02,319.3299865722656,303.0,30.0,3.0
2023-03-01,2023-03-02,324.2799987792969,303.0,30.0,3.0
2023-03-01,2023-03-02,310.7099914550781,303.0,30.0,3.0
2023-03-01,2023-03-02,313.45001220703125,303.0,30.0,3.0
2023-03-01,2023-03-02,309.29998779296875,303.0,30.0,3.0
2023-03-01,2023-03-02,318.44000244140625,303.0,30.0,3.0
2023-03-01,2023-03-02,309.6499938964844,303.0,30.0,3.0
2023-03-01,2023-03-02,321.07000732421875,303.0,30.0,3.0
2023-03-01,2023-03-02,313.1400146484375,303.0,30.0,3.0
2023-03-01,2023-03-02,315.8299865722656,303.0,30.0,3.0
2023-03-01,2023-03-02,318.94000244140625,303.0,30.0,3.0
2023-03-01,2023-03-02,318.0299987792969,303.0,30.0,3.0
2023-03-01,2023-03-02,304.7900085449219,303.0,30.0,3.0
2023-03-01,2023-03-02,312.45001220703125,303.0,30.0,3.0
2023-03-01,2023-03-02,305.3800048828125,303.0,30.0,3.0
2023-03-01,2023-03-02,310.8500061035156,303.0,30.0,3.0
2023-03-01,2023-03-02,313.6600036621094,303.0,30.0,3.0
2023-03-01,2023-03-02,309.9100036621094,303.0,30.0,3.0
2023-03-01,2023-03-02,313.45001220703125,303.0,30.0,3.0
2023-03-01,2023-03-02,313.760009765625,303.0,30.0,3.0
2023-03-01,2023-03-02,318.5899963378906,303.0,30.0,3.0
2023-03-01,2023-03-02,320.0799865722656,303.0,30.0,3.0
2023-03-01,2023-03-02,317.05999755859375,303.0,30.0,3.0
2023-03-01,2023-03-02,310.6499938964844,303.0,30.0,3.0
2023-03-01,2023-03-02,320.1600036621094,303.0,30.0,3.0
2023-03-01,2023-03-02,312.79998779296875,303.0,30.0,3.0
2023-03-01,2023-03-02,310.3399963378906,303.0,30.0,3.0
2023-03-01,2023-03-02,319.2200012207031,303.0,30.0,3.0
2023-03-01,2023-03-02,304.916731476783,303.0,30.0,3.0
2023-03-01,2023-03-02,307.8399963378906,303.0,30.0,3.0
2023-03-01,2023-03-02,313.69000244140625,303.0,30.0,3.0
2023-03-01,2023-03-02,317.94000244140625,303.0,30.0,3.0
2023-03-01,2023-03-02,302.9700012207031,303.0,30.0,3.0
2023-03-01,2023-03-02,318.4800109863281,303.0,30.0,3.0
2023-03-01,2023-03-02,321.1000061035156,303.0,30.0,3.0
2023-03-01,2023-03-02,306.7200012207031,303.0,30.0,3.0
2023-03-01,2023-03-02,320.7300109863281,303.0,30.0,3.0
2023-03-01,2023-03-02,312.7099914550781,303.0,30.0,3.0
2023-03-01,2023-03-02,313.80999755859375,303.0,30.0,3.0
2023-03-01,2023-03-02,314.8299865722656,303.0,30.0,3.0
2023-03-01,2023-03-02,313.5199890136719,303.0,30.0,3.0
2023-03-01,2023-03-02,320.7699890136719,303.0,30.0,3.0
2023-03-01,2023-03-02,316.7300109863281,303.0,30.0,3.0
2023-03-01,2023-03-02,317.3500061035156,303.0,30.0,3.0
2023-03-01,2023-03-02,309.2799987792969,303.0,30.0,3.0
2023-03-01,2023-03-02,311.8999938964844,303.0,30.0,3.0
2023-03-01,2023-03-02,308.5899963378906,303.0,30.0,3.0
2023-03-01,2023-03-02,312.55999755859375,303.0,30.0,3.0
2023-03-01,2023-03-02,306.94000244140625,303.0,30.0,3.0
2023-03-01,2023-03-02,311.3999938964844,303.0,30.0,3.0
2023-03-01,2023-03-02,311.8489031791681,303.0,30.0,3.0
2023-03-01,2023-03-02,314.70001220703125,303.0,30.0,3.0
2023-03-01,2023-03-02,311.6400146484375,303.0,30.0,3.0
2023-03-01,2023-03-02,309.3299865722656,303.0,30.0,3.0
2023-03-01,2023-03-02,308.55999755859375,303.0,30.0,3.0
2023-03-01,2023-03-02,317.2799987792969,303.0,30.0,3.0
2023-03-01,2023-03-02,309.7300109863281,303.0,30.0,3.0
2023-03-01,2023-03-02,321.9700012207031,303.0,30.0,3.0
2023-03-01,2023-03-02,310.5261411666854,303.0,30.0,3.0
2023-03-01,2023-03-02,319.55999755859375,303.0,30.0,3.0
2023-03-01,2023-03-02,312.1199951171875,303.0,30.0,3.0
2023-03-01,2023-03-02,309.2799987792969,303.0,30.0,3.0
2023-03-01,2023-03-02,316.3299865722656,303.0,30.0,3.0
2023-03-01,2023-03-02,314.3599853515625,303.0,30.0,3.0
2023-03-01,2023-03-02,315.4100036621094,303.0,30.0,3.0
2023-03-01,2023-03-02,321.8500061035156,303.0,30.0,3.0
2023-03-01,2023-03-02,306.3999938964844,303.0,30.0,3.0
2023-03-01,2023-03-02,312.70001220703125,303.0,30.0,3.0
2023-03-01,2023-03-02,316.8299865722656,303.0,30.0,3.0
2023-03-01,2023-03-02,322.239990234375,303.0,30.0,3.0
2023-03-01,2023-03-02,317.29998779296875,303.0,30.0,3.0
2023-03-01,2023-03-02,321.5,303.0,30.0,3.0
2023-03-01,2023-03-02,317.1099853515625,303.0,30.0,3.0
2023-03-01,2023-03-02,316.1199951171875,303.0,30.0,3.0
2023-03-01,2023-03-02,305.2200012207031,303.0,30.0,3.0
2023-03-01,2023-03-02,319.760009765625,303.0,30.0,3.0
2023-03-01,2023-03-02,310.8999938964844,303.0,30.0,3.0
2023-03-01,2023-03-02,321.2200012207031,303.0,30.0,3.0
2023-03-01,2023-03-02,315.5199890136719,303.0,30.0,3.0
2023-03-01,2023-03-02,321.0400085449219,303.0,30.0,3.0
2023-03-01,2023-03-02,302.5899963378906,303.0,30.0,3.0
2023-03-01,2023-03-02,310.489990234375,303.0,30.0,3.0
2023-03-01,2023-03-02,316.9800109863281,303.0,30.0,3.0
2023-03-01,2023-03-02,316.70001220703125,303.0,30.0,3.0
2023-03-01,2023-03-02,308.6099853515625,303.0,30.0,3.0
2023-03-01,2023-03-02,310.34300756454,303.0,30.0,3.0
2023-03-01,2023-03-02,307.6700134277344,304.0,30.0,4.0
2023-03-01,2023-03-02,306.8999938964844,304.0,30.0,4.0
2023-03-01,2023-03-02,312.4200134277344,304.0,30.0,4.0
2023-03-01,2023-03-02,310.75,304.0,30.0,4.0
2023-03-01,2023-03-02,305.8900146484375,304.0,30.0,4.0
2023-03-01,2023-03-02,310.4800109863281,304.0,30.0,4.0
2023-03-01,2023-03-02,312.261335134507,304.0,30.0,4.0
2023-03-01,2023-03-02,308.9100036621094,304.0,30.0,4.0
2023-03-01,2023-03-02,312.0899963378906,304.0,30.0,4.0
2023-03-01,2023-03-02,307.6000061035156,304.0,30.0,4.0
2023-03-01,2023-03-02,311.6499938964844,304.0,30.0,4.0
2023-03-01,2023-03-02,304.9700012207031,304.0,30.0,4.0
2023-03-01,2023-03-02,307.0899963378906,304.0,30.0,4.0
2023-03-01,2023-03-02,315.9700012207031,304.0,30.0,4.0
2023-03-01,2023-03-02,317.739990234375,304.0,30.0,4.0
2023-03-01,2023-03-02,306.6300048828125,304.0,30.0,4.0
2023-03-01,2023-03-02,310.8500061035156,304.0,30.0,4.0
2023-03-01,2023-03-02,307.1199951171875,304.0,30.0,4.0
2023-03-01,2023-03-02,309.2900085449219,304.0,30.0,4.0
2023-03-01,2023-03-02,309.42999267578125,304.0,30.0,4.0
2023-03-01,2023-03-02,311.8399963378906,304.0,30.0,4.0
2023-03-01,2023-03-02,305.5899963378906,304.0,30.0,4.0
2023-03-01,2023-03-02,308.1199951171875,304.0,30.0,4.0
2023-03-01,2023-03-02,313.9700012207031,304.0,30.0,4.0
2023-03-01,2023-03-02,304.0899963378906,304.0,30.0,4.0
2023-03-01,2023-03-02,308.0,304.0,30.0,4.0
2023-03-01,2023-03-02,312.7900085449219,304.0,30.0,4.0
2023-03-01,2023-03-02,305.739990234375,304.0,30.0,4.0
2023-03-01,2023-03-02,308.25,304.0,30.0,4.0
2023-03-01,2023-03-02,308.8299865722656,304.0,30.0,4.0
2023-03-01,2023-03-02,306.15223085880433,304.0,30.0,4.0
2023-03-01,2023-03-02,304.55999755859375,304.0,30.0,4.0
2023-03-01,2023-03-02,303.8956127166742,304.0,30.0,4.0
2023-03-01,2023-03-02,308.0,304.0,30.0,4.0
2023-03-01,2023-03-02,306.9800109863281,304.0,30.0,4.0
2023-03-01,2023-03-02,305.8649978637708,304.0,30.0,4.0
2023-03-01,2023-03-02,305.3299865722656,304.0,30.0,4.0
2023-03-01,2023-03-02,307.6300048828125,304.0,30.0,4.0
2023-03-01,2023-03-02,313.739990234375,304.0,30.0,4.0
2023-03-01,2023-03-02,306.5799865722656,304.0,30.0,4.0
2023-03-01,2023-03-02,304.0199890136719,304.0,30.0,4.0
2023-03-01,2023-03-02,319.3900146484375,304.0,30.0,4.0
2023-03-01,2023-03-02,310.29998779296875,304.0,30.0,4.0
2023-03-01,2023-03-02,307.739990234375,304.0,30.0,4.0
2023-03-01,2023-03-02,305.6300048828125,304.0,30.0,4.0
2023-03-01,2023-03-02,305.70001220703125,304.0,30.0,4.0
2023-03-01,2023-03-02,306.3399963378906,304.0,30.0,4.0
2023-03-01,2023-03-02,309.0799865722656,304.0,30.0,4.0
2023-03-01,2023-03-02,312.1499938964844,304.0,30.0,4.0
2023-03-01,2023-03-02,306.0799865722656,304.0,30.0,4.0
2023-03-01,2023-03-02,312.260009765625,304.0,30.0,4.0
2023-03-01,2023-03-02,305.1099853515625,304.0,30.0,4.0
2023-03-01,2023-03-02,313.0899963378906,304.0,30.0,4.0
2023-03-01,2023-03-02,310.7099914550781,304.0,30.0,4.0
2023-03-01,2023-03-02,308.3900146484375,304.0,30.0,4.0
2023-03-01,2023-03-02,305.9800109863281,304.0,30.0,4.0
2023-03-01,2023-03-02,308.04998779296875,304.0,30.0,4.0
2023-03-01,2023-03-02,303.6400146484375,304.0,30.0,4.0
2023-03-01,2023-03-02,307.4200134277344,304.0,30.0,4.0
2023-03-01,2023-03-02,309.1000061035156,304.0,30.0,4.0
2023-03-01,2023-03-02,306.2799987792969,304.0,30.0,4.0
2023-03-01,2023-03-02,308.07000732421875,304.0,30.0,4.0
2023-03-01,2023-03-02,308.94000244140625,304.0,30.0,4.0
2023-03-01,2023-03-02,314.30999755859375,304.0,30.0,4.0
2023-03-01,2023-03-02,311.1400146484375,304.0,30.0,4.0
2023-03-01,2023-03-02,310.739990234375,304.0,30.0,4.0
2023-03-01,2023-03-02,310.5,304.0,30.0,4.0
2023-03-01,2023-03-02,313.2200012207031,304.0,30.0,4.0
2023-03-01,2023-03-02,307.04998779296875,304.0,30.0,4.0
2023-03-01,2023-03-02,306.75,304.0,30.0,4.0
2023-03-01,2023-03-02,303.9800109863281,304.0,30.0,4.0
2023-03-01,2023-03-02,310.1400146484375,304.0,30.0,4.0
2023-03-01,2023-03-02,303.3599853515625,304.0,30.0,4.0
2023-03-01,2023-03-02,303.3900146484375,304.0,30.0,4.0
2023-03-01,2023-03-02,306.3999938964844,304.0,30.0,4.0
2023-03-01,2023-03-02,306.29998779296875,304.0,30.0,4.0
2023-03-01,2023-03-02,304.7799987792969,304.0,30.0,4.0
2023-03-01,2023-03-02,307.7799987792969,304.0,30.0,4.0
2023-03-01,2023-03-02,309.44000244140625,304.0,30.0,4.0
2023-03-01,2023-03-02,307.1400146484375,304.0,30.0,4.0
2023-03-01,2023-03-02,310.0799865722656,304.0,30.0,4.0
2023-03-01,2023-03-02,305.6400146484375,304.0,30.0,4.0
2023-03-01,2023-03-02,303.760009765625,304.0,30.0,4.0
2023-03-01,2023-03-02,304.2799987792969,304.0,30.0,4.0
2023-03-01,2023-03-02,316.25,304.0,30.0,4.0
2023-03-01,2023-03-02,303.8599853515625,304.0,30.0,4.0
2023-03-01,2023-03-02,307.7200012207031,304.0,30.0,4.0
2023-03-01,2023-03-02,311.70001220703125,304.0,30.0,4.0
2023-03-01,2023-03-02,304.8699951171875,304.0,30.0,4.0
2023-03-01,2023-03-02,308.8800048828125,304.0,30.0,4.0
2023-03-01,2023-03-02,306.2200012207031,304.0,30.0,4.0
2023-03-01,2023-03-02,308.9599914550781,304.0,30.0,4.0
2023-03-01,2023-03-02,308.6300048828125,304.0,30.0,4.0
2023-03-01,2023-03-02,312.80999755859375,304.0,30.0,4.0
2023-03-01,2023-03-02,309.989990234375,304.0,30.0,4.0
2023-03-01,2023-03-02,309.1600036621094,304.0,30.0,4.0
2023-03-01,2023-03-02,304.3299865722656,304.0,30.0,4.0
2023-03-01,2023-03-02,309.2099914550781,304.0,30.0,4.0
2023-03-01,2023-03-02,311.44000244140625,304.0,30.0,4.0
2023-03-01,2023-03-02,308.5299987792969,304.0,30.0,4.0
2023-03-01,2023-03-02,309.55999755859375,305.0,30.0,5.0
2023-03-01,2023-03-02,305.5199890136719,305.0,30.0,5.0
2023-03-01,2023-03-02,302.6600036621094,305.0,30.0,5.0
2023-03-01,2023-03-02,304.55999755859375,305.0,30.0,5.0
2023-03-01,2023-03-02,306.95001220703125,305.0,30.0,5.0
2023-03-01,2023-03-02,308.1499938964844,305.0,30.0,5.0
2023-03-01,2023-03-02,310.0400085449219,305.0,30.0,5.0
2023-03-01,2023-03-02,309.8800048828125,305.0,30.0,5.0
2023-03-01,2023-03-02,314.9800109863281,305.0,30.0,5.0
2023-03-01,2023-03-02,309.79998779296875,305.0,30.0,5.0
2023-03-01,2023-03-02,308.4100036621094,305.0,30.0,5.0
2023-03-01,2023-03-02,308.3999938964844,305.0,30.0,5.0
2023-03-01,2023-03-02,300.6099853515625,305.0,30.0,5.0
2023-03-01,2023-03-02,305.3299865722656,305.0,30.0,5.0
2023-03-01,2023-03-02,304.0199890136719,305.0,30.0,5.0
2023-03-01,2023-03-02,302.489990234375,305.0,30.0,5.0
2023-03-01,2023-03-02,306.6300048828125,305.0,30.0,5.0
2023-03-01,2023-03-02,307.6499938964844,305.0,30.0,5.0
2023-03-01,2023-03-02,308.67999267578125,305.0,30.0,5.0
2023-03-01,2023-03-02,305.75,305.0,30.0,5.0
2023-03-01,2023-03-02,305.5299987792969,305.0,30.0,5.0
2023-03-01,2023-03-02,305.5400085449219,305.0,30.0,5.0
2023-03-01,2023-03-02,305.6300048828125,305.0,30.0,5.0
2023-03-01,2023-03-02,311.0899963378906,305.0,30.0,5.0
2023-03-01,2023-03-02,304.489990234375,305.0,30.0,5.0
2023-03-01,2023-03-02,315.5,305.0,30.0,5.0
2023-03-01,2023-03-02,304.8599853515625,305.0,30.0,5.0
2023-03-01,2023-03-02,310.42999267578125,305.0,30.0,5.0
2023-03-01,2023-03-02,306.1000061035156,305.0,30.0,5.0
2023-03-01,2023-03-02,312.989990234375,305.0,30.0,5.0
2023-03-01,2023-03-02,309.6000061035156,305.0,30.0,5.0
2023-03-01,2023-03-02,310.6300048828125,305.0,30.0,5.0
2023-03-01,2023-03-02,309.95001220703125,305.0,30.0,5.0
2023-03-01,2023-03-02,309.260009765625,305.0,30.0,5.0
2023-03-01,2023-03-02,309.739990234375,305.0,30.0,5.0
2023-03-01,2023-03-02,310.2099914550781,305.0,30.0,5.0
2023-03-01,2023-03-02,307.2900085449219,305.0,30.0,5.0
2023-03-01,2023-03-02,307.2900085449219,305.0,30.0,5.0
2023-03-01,2023-03-02,304.17999267578125,305.0,30.0,5.0
2023-03-01,2023-03-02,308.989990234375,305.0,30.0,5.0
2023-03-01,2023-03-02,309.19000244140625,305.0,30.0,5.0
2023-03-01,2023-03-02,309.5,305.0,30.0,5.0
2023-03-01,2023-03-02,307.8500061035156,305.0,30.0,5.0
2023-03-01,2023-03-02,305.3299865722656,305.0,30.0,5.0
2023-03-01,2023-03-02,307.79998779296875,305.0,30.0,5.0
2023-03-01,2023-03-02,306.69000244140625,305.0,30.0,5.0
2023-03-01,2023-03-02,304.55999755859375,305.0,30.0,5.0
2023-03-01,2023-03-02,306.6700134277344,305.0,30.0,5.0
2023-03-01,2023-03-02,307.1300048828125,305.0,30.0,5.0
2023-03-01,2023-03-02,305.3399963378906,305.0,30.0,5.0
2023-03-01,2023-03-02,306.1700134277344,305.0,30.0,5.0
2023-03-01,2023-03-02,311.8599853515625,305.0,30.0,5.0
2023-03-01,2023-03-02,310.05999755859375,305.0,30.0,5.0
2023-03-01,2023-03-02,308.4235446453091,305.0,30.0,5.0
2023-03-01,2023-03-02,308.70001220703125,305.0,30.0,5.0
2023-03-01,2023-03-02,303.9100036621094,305.0,30.0,5.0
2023-03-01,2023-03-02,312.4200134277344,305.0,30.0,5.0
2023-03-01,2023-03-02,302.3900146484375,305.0,30.0,5.0
2023-03-01,2023-03-02,309.2799987792969,305.0,30.0,5.0
2023-03-01,2023-03-02,304.8800048828125,305.0,30.0,5.0
2023-03-01,2023-03-02,310.29998779296875,305.0,30.0,5.0
2023-03-01,2023-03-02,308.489990234375,305.0,30.0,5.0
2023-03-01,2023-03-02,304.0799865722656,305.0,30.0,5.0
2023-03-01,2023-03-02,308.5400085449219,305.0,30.0,5.0
2023-03-01,2023-03-02,311.25,305.0,30.0,5.0
2023-03-01,2023-03-02,304.92999267578125,305.0,30.0,5.0
2023-03-01,2023-03-02,309.739990234375,305.0,30.0,5.0
2023-03-01,2023-03-02,305.32000732421875,305.0,30.0,5.0
2023-03-01,2023-03-02,308.19000244140625,305.0,30.0,5.0
2023-03-01,2023-03-02,305.9700012207031,305.0,30.0,5.0
2023-03-01,2023-03-02,304.9599914550781,305.0,30.0,5.0
2023-03-01,2023-03-02,308.6300048828125,305.0,30.0,5.0
2023-03-01,2023-03-02,310.8399963378906,305.0,30.0,5.0
2023-03-01,2023-03-02,309.8800048828125,305.0,30.0,5.0
2023-03-01,2023-03-02,310.9100036621094,305.0,30.0,5.0
2023-03-01,2023-03-02,309.02312636374955,305.0,30.0,5.0
2023-03-01,2023-03-02,307.95001220703125,305.0,30.0,5.0
2023-03-01,2023-03-02,305.8900146484375,305.0,30.0,5.0
2023-03-01,2023-03-02,305.1600036621094,305.0,30.0,5.0
2023-03-01,2023-03-02,309.1000061035156,305.0,30.0,5.0
2023-03-01,2023-03-02,304.6300048828125,305.0,30.0,5.0
2023-03-01,2023-03-02,305.54998779296875,305.0,30.0,5.0
2023-03-01,2023-03-02,308.8800048828125,305.0,30.0,5.0
2023-03-01,2023-03-02,304.1700134277344,305.0,30.0,5.0
2023-03-01,2023-03-02,311.1499938964844,305.0,30.0,5.0
2023-03-01,2023-03-02,308.1300048828125,305.0,30.0,5.0
2023-03-01,2023-03-02,304.4200134277344,305.0,30.0,5.0
2023-03-01,2023-03-02,304.3900146484375,305.0,30.0,5.0
2023-03-01,2023-03-02,309.54998779296875,305.0,30.0,5.0
2023-03-01,2023-03-02,307.8500061035156,305.0,30.0,5.0
2023-03-01,2023-03-02,312.260009765625,305.0,30.0,5.0
2023-03-01,2023-03-02,308.5799865722656,305.0,30.0,5.0
2023-03-01,2023-03-02,302.989990234375,305.0,30.0,5.0
2023-03-01,2023-03-02,306.5199890136719,305.0,30.0,5.0
2023-03-01,2023-03-02,311.8699951171875,305.0,30.0,5.0
2023-03-01,2023-03-02,304.2799987792969,305.0,30.0,5.0
2023-03-01,2023-03-02,303.9100036621094,305.0,30.0,5.0
2023-03-01,2023-03-02,305.20001220703125,305.0,30.0,5.0
2023-03-01,2023-03-02,309.92999267578125,305.0,30.0,5.0
2023-03-01,2023-03-02,310.239990234375,305.0,30.0,5.0
2023-03-01,2023-03-02,306.3800048828125,306.0,30.0,6.0
2023-03-01,2023-03-02,304.3900146484375,306.0,30.0,6.0
2023-03-01,2023-03-02,305.9700012207031,306.0,30.0,6.0
2023-03-01,2023-03-02,310.6499938964844,306.0,30.0,6.0
2023-03-01,2023-03-02,306.9700012207031,306.0,30.0,6.0
2023-03-01,2023-03-02,305.2799987792969,306.0,30.0,6.0
2023-03-01,2023-03-02,310.8999938964844,306.0,30.0,6.0
2023-03-01,2023-03-02,308.45001220703125,306.0,30.0,6.0
2023-03-01,2023-03-02,306.5,306.0,30.0,6.0
2023-03-01,2023-03-02,302.510009765625,306.0,30.0,6.0
2023-03-01,2023-03-02,307.8399963378906,306.0,30.0,6.0
2023-03-01,2023-03-02,305.8299865722656,306.0,30.0,6.0
2023-03-01,2023-03-02,304.3900146484375,306.0,30.0,6.0
2023-03-01,2023-03-02,310.19000244140625,306.0,30.0,6.0
2023-03-01,2023-03-02,310.8299865722656,306.0,30.0,6.0
2023-03-01,2023-03-02,309.739990234375,306.0,30.0,6.0
2023-03-01,2023-03-02,305.7900085449219,306.0,30.0,6.0
2023-03-01,2023-03-02,309.3800048828125,306.0,30.0,6.0
2023-03-01,2023-03-02,303.4100036621094,306.0,30.0,6.0
2023-03-01,2023-03-02,305.0400085449219,306.0,30.0,6.0
2023-03-01,2023-03-02,304.4100036621094,306.0,30.0,6.0
2023-03-01,2023-03-02,308.739990234375,306.0,30.0,6.0
2023-03-01,2023-03-02,307.4700012207031,306.0,30.0,6.0
2023-03-01,2023-03-02,306.28445291519375,306.0,30.0,6.0
2023-03-01,2023-03-02,310.17999267578125,306.0,30.0,6.0
2023-03-01,2023-03-02,306.92999267578125,306.0,30.0,6.0
2023-03-01,2023-03-02,306.8699951171875,306.0,30.0,6.0
2023-03-01,2023-03-02,307.29998779296875,306.0,30.0,6.0
2023-03-01,2023-03-02,307.1400146484375,306.0,30.0,6.0
2023-03-01,2023-03-02,306.239990234375,306.0,30.0,6.0
2023-03-01,2023-03-02,305.2799987792969,306.0,30.0,6.0
2023-03-01,2023-03-02,304.1199951171875,306.0,30.0,6.0
2023-03-01,2023-03-02,306.7900085449219,306.0,30.0,6.0
2023-03-01,2023-03-02,305.0400085449219,306.0,30.0,6.0
2023-03-01,2023-03-02,306.1000061035156,306.0,30.0,6.0
2023-03-01,2023-03-02,301.3500061035156,306.0,30.0,6.0
2023-03-01,2023-03-02,305.3999938964844,306.0,30.0,6.0
2023-03-01,2023-03-02,308.94000244140625,306.0,30.0,6.0
2023-03-01,2023-03-02,301.7799987792969,306.0,30.0,6.0
2023-03-01,2023-03-02,308.3900146484375,306.0,30.0,6.0
2023-03-01,2023-03-02,305.92999267578125,306.0,30.0,6.0
2023-03-01,2023-03-02,307.42999267578125,306.0,30.0,6.0
2023-03-01,2023-03-02,309.0299987792969,306.0,30.0,6.0
2023-03-01,2023-03-02,307.4800109863281,306.0,30.0,6.0
2023-03-01,2023-03-02,307.17999267578125,306.0,30.0,6.0
2023-03-01,2023-03-02,308.75,306.0,30.0,6.0
2023-03-01,2023-03-02,306.489990234375,306.0,30.0,6.0
2023-03-01,2023-03-02,305.25,306.0,30.0,6.0
2023-03-01,2023-03-02,305.6300048828125,306.0,30.0,6.0
2023-03-01,2023-03-02,308.9800109863281,306.0,30.0,6.0
2023-03-01,2023-03-02,308.9599914550781,306.0,30.0,6.0
2023-03-01,2023-03-02,303.3699951171875,306.0,30.0,6.0
2023-03-01,2023-03-02,303.9700012207031,306.0,30.0,6.0
2023-03-01,2023-03-02,310.6499938964844,306.0,30.0,6.0
2023-03-01,2023-03-02,308.7300109863281,306.0,30.0,6.0
2023-03-01,2023-03-02,304.9800109863281,306.0,30.0,6.0
2023-03-01,2023-03-02,302.2099914550781,306.0,30.0,6.0
2023-03-01,2023-03-02,306.25,306.0,30.0,6.0
2023-03-01,2023-03-02,303.82000732421875,306.0,30.0,6.0
2023-03-01,2023-03-02,310.260009765625,306.0,30.0,6.0
2023-03-01,2023-03-02,305.0799865722656,306.0,30.0,6.0
2023-03-01,2023-03-02,306.7200012207031,306.0,30.0,6.0
2023-03-01,2023-03-02,308.9100036621094,306.0,30.0,6.0
2023-03-01,2023-03-02,310.010009765625,306.0,30.0,6.0
2023-03-01,2023-03-02,307.1400146484375,306.0,30.0,6.0
2023-03-01,2023-03-02,304.55999755859375,306.0,30.0,6.0
2023-03-01,2023-03-02,308.29998779296875,306.0,30.0,6.0
2023-03-01,2023-03-02,302.8800048828125,306.0,30.0,6.0
2023-03-01,2023-03-02,306.57000732421875,306.0,30.0,6.0
2023-03-01,2023-03-02,305.0400085449219,306.0,30.0,6.0
2023-03-01,2023-03-02,301.8800048828125,306.0,30.0,6.0
2023-03-01,2023-03-02,308.44000244140625,306.0,30.0,6.0
2023-03-01,2023-03-02,307.9800109863281,306.0,30.0,6.0
2023-03-01,2023-03-02,308.19000244140625,306.0,30.0,6.0
2023-03-01,2023-03-02,301.760009765625,306.0,30.0,6.0
2023-03-01,2023-03-02,309.010009765625,306.0,30.0,6.0
2023-03-01,2023-03-02,303.5199890136719,306.0,30.0,6.0
2023-03-01,2023-03-02,303.9800109863281,306.0,30.0,6.0
2023-03-01,2023-03-02,307.7900085449219,306.0,30.0,6.0
2023-03-01,2023-03-02,306.4700012207031,306.0,30.0,6.0
2023-03-01,2023-03-02,304.3299865722656,306.0,30.0,6.0
2023-03-01,2023-03-02,302.8900146484375,306.0,30.0,6.0
2023-03-01,2023-03-02,306.3399963378906,306.0,30.0,6.0
2023-03-01,2023-03-02,305.17999267578125,306.0,30.0,6.0
2023-03-01,2023-03-02,307.92999267578125,306.0,30.0,6.0
2023-03-01,2023-03-02,311.7099914550781,306.0,30.0,6.0
2023-03-01,2023-03-02,304.67999267578125,306.0,30.0,6.0
2023-03-01,2023-03-02,309.05999755859375,306.0,30.0,6.0
2023-03-01,2023-03-02,305.9948456287406,306.0,30.0,6.0
2023-03-01,2023-03-02,303.989990234375,306.0,30.0,6.0
2023-03-01,2023-03-02,305.8299865722656,306.0,30.0,6.0
2023-03-01,2023-03-02,313.510009765625,306.0,30.0,6.0
2023-03-01,2023-03-02,303.9200134277344,306.0,30.0,6.0
2023-03-01,2023-03-02,304.30999755859375,306.0,30.0,6.0
2023-03-01,2023-03-02,310.44000244140625,306.0,30.0,6.0
2023-03-01,2023-03-02,304.5799865722656,306.0,30.0,6.0
2023-03-01,2023-03-02,308.80999755859375,306.0,30.0,6.0
2023-03-01,2023-03-02,303.94000244140625,306.0,30.0,6.0
2023-03-01,2023-03-02,307.1300048828125,306.0,30.0,6.0
2023-03-01,2023-03-02,308.9599914550781,306.0,30.0,6.0
